<?xml version="1.0" encoding="UTF-8"?>
<!DOCTYPE mapper
  PUBLIC "-//mybatis.org//DTD Mapper 3.0//EN"
  "http://mybatis.org/dtd/mybatis-3-mapper.dtd">
  

  <mapper namespace="com.example.boardapp.mapper.ArticleMapper">
  
 
    <select id="selectArticleList" resultType="ArticleDto">

        SELECT 
          id, 
          title, 
          contents, 
          writer,
          reg_date as regDate
        FROM article
        ORDER BY id DESC  
        
    </select>

  
  
    <insert id="insertArticle" parameterType="ArticleDto">

      <selectKey resultType="int" keyProperty="id" order="AFTER">

          SELECT MAX(id) AS id
          FROM article

      </selectKey>

        INSERT INTO article (title, contents, writer, reg_date)
        VALUES (#{title}, #{contents}, #{writer}, #{regDate})
          
    </insert>


    <select id="selectArticleById" parameterType="int" resultType="ArticleDto">

        SELECT 
            id, 
            title, 
            contents, 
            writer,
            reg_date as regDate
        FROM article
        WHERE id = #{id}
        
          
    </select>


    <update id="updateArticle" parameterType="ArticleDto">
    
      UPDATE article
      SET title = #{title}, contents = #{contents}, writer = #{writer}
      WHERE id = #{id}
    
    </update>

  

    <select id="findArticleList" parameterType="com.example.boardapp.util.Criteria" resultType="ArticleDto">

         SELECT 
            id, 
            title, 
            contents, 
            writer,
            reg_date as regDate
          FROM article
        
          <if test="keyfield != null and keyfield != '' and keyword != null and keyword != ''">
            <trim prefix="WHERE" prefixOverrides="AND">
            <choose>
                <when test="keyfield == 'writer'">
                    writer LIKE CONCAT('%', #{keyword}, '%')
                </when>
                <when test="keyfield == 'contents'">
                    contents LIKE CONCAT('%', #{keyword}, '%')
                </when>
                <when test="keyfield == 'title'">
                    title LIKE CONCAT('%', #{keyword}, '%')
                </when>            
            </choose>
            </trim>
          </if>        

          ORDER BY id DESC

    </select>


</mapper>